,PassengerId,Survived,Age,SibSp,Parch,Fare,NameLength,HasCabin,Pclass_1,Pclass_2,Pclass_3,Sex_female,Sex_male,Embarked_C,Embarked_Q,Embarked_S
0,1,0,22.0,1,0,7.25,23,0,0,0,1,0,1,0,0,1
1,2,1,38.0,1,0,71.2833,51,1,1,0,0,1,0,1,0,0
2,3,1,26.0,0,0,7.925,22,0,0,0,1,1,0,0,0,1
3,4,1,35.0,1,0,53.1,44,1,1,0,0,1,0,0,0,1
4,5,0,35.0,0,0,8.05,24,0,0,0,1,0,1,0,0,1
5,6,0,29.69911764705882,0,0,8.4583,16,0,0,0,1,0,1,0,1,0
6,7,0,54.0,0,0,51.8625,23,1,1,0,0,0,1,0,0,1
7,8,0,2.0,3,1,21.075,30,0,0,0,1,0,1,0,0,1
8,9,1,27.0,0,2,11.1333,49,0,0,0,1,1,0,0,0,1
9,10,1,14.0,1,0,30.0708,35,0,0,1,0,1,0,1,0,0
10,11,1,4.0,1,1,16.7,31,1,0,0,1,1,0,0,0,1
11,12,1,58.0,0,0,26.55,24,1,1,0,0,1,0,0,0,1
12,13,0,20.0,0,0,8.05,30,0,0,0,1,0,1,0,0,1
13,14,0,39.0,1,5,31.275,27,0,0,0,1,0,1,0,0,1
14,15,0,14.0,0,0,7.8542,36,0,0,0,1,1,0,0,0,1
15,16,1,55.0,0,0,16.0,32,0,0,1,0,1,0,0,0,1
16,17,0,2.0,4,1,29.125,20,0,0,0,1,0,1,0,1,0
17,18,1,29.69911764705882,0,0,13.0,28,0,0,1,0,0,1,0,0,1
18,19,0,31.0,1,0,18.0,55,0,0,0,1,1,0,0,0,1
19,20,1,29.69911764705882,0,0,7.225,23,0,0,0,1,1,0,1,0,0
20,21,0,35.0,0,0,26.0,20,0,0,1,0,0,1,0,0,1
21,22,1,34.0,0,0,13.0,21,1,0,1,0,0,1,0,0,1
22,23,1,15.0,0,0,8.0292,27,0,0,0,1,1,0,0,1,0
23,24,1,28.0,0,0,35.5,28,1,1,0,0,0,1,0,0,1
24,25,0,8.0,3,1,21.075,29,0,0,0,1,1,0,0,0,1
25,26,1,38.0,1,5,31.3875,57,0,0,0,1,1,0,0,0,1
26,27,0,29.69911764705882,0,0,7.225,23,0,0,0,1,0,1,1,0,0
27,28,0,19.0,3,2,263.0,30,1,1,0,0,0,1,0,0,1
28,29,1,29.69911764705882,0,0,7.8792,29,0,0,0,1,1,0,0,1,0
29,30,0,29.69911764705882,0,0,7.8958,19,0,0,0,1,0,1,0,0,1
30,31,0,40.0,0,0,27.7208,24,0,1,0,0,0,1,1,0,0
31,32,1,29.69911764705882,1,0,146.5208,46,1,1,0,0,1,0,1,0,0
32,33,1,29.69911764705882,0,0,7.75,24,0,0,0,1,1,0,0,1,0
33,34,0,66.0,0,0,10.5,21,0,0,1,0,0,1,0,0,1
34,35,0,28.0,1,0,82.1708,23,0,1,0,0,0,1,1,0,0
35,36,0,42.0,1,0,52.0,30,0,1,0,0,0,1,0,0,1
36,37,1,29.69911764705882,0,0,7.2292,16,0,0,0,1,0,1,1,0,0
37,38,0,21.0,0,0,8.05,24,0,0,0,1,0,1,0,0,1
38,39,0,18.0,2,0,18.0,34,0,0,0,1,1,0,0,0,1
39,40,1,14.0,1,0,11.2417,27,0,0,0,1,1,0,1,0,0
40,41,0,40.0,1,0,9.475,46,0,0,0,1,1,0,0,0,1
41,42,0,27.0,1,0,21.0,56,0,0,1,0,1,0,0,0,1
42,43,0,29.69911764705882,0,0,7.8958,19,0,0,0,1,0,1,1,0,0
43,44,1,3.0,1,2,41.5792,40,0,0,1,0,1,0,1,0,0
44,45,1,19.0,0,0,7.8792,29,0,0,0,1,1,0,0,1,0
45,46,0,29.69911764705882,0,0,8.05,24,0,0,0,1,0,1,0,0,1
46,47,0,29.69911764705882,1,0,15.5,17,0,0,0,1,0,1,0,1,0
47,48,1,29.69911764705882,0,0,7.75,25,0,0,0,1,1,0,0,1,0
48,49,0,29.69911764705882,2,0,21.6792,19,0,0,0,1,0,1,1,0,0
49,50,0,18.0,1,0,17.8,45,0,0,0,1,1,0,0,0,1
50,51,0,7.0,4,1,39.6875,26,0,0,0,1,0,1,0,0,1
51,52,0,21.0,0,0,7.8,28,0,0,0,1,0,1,0,0,1
52,53,1,49.0,1,0,76.7292,40,1,1,0,0,1,0,1,0,0
53,54,1,29.0,1,0,26.0,50,0,0,1,0,1,0,0,0,1
54,55,0,65.0,0,1,61.9792,30,1,1,0,0,0,1,1,0,0
55,56,1,29.69911764705882,0,0,35.5,17,1,1,0,0,0,1,0,0,1
56,57,1,21.0,0,0,10.5,17,0,0,1,0,1,0,0,0,1
57,58,0,28.5,0,0,7.2292,19,0,0,0,1,0,1,1,0,0
58,59,1,5.0,1,2,27.75,28,0,0,1,0,1,0,0,0,1
59,60,0,11.0,5,2,46.9,34,0,0,0,1,0,1,0,0,1
60,61,0,22.0,0,0,7.2292,21,0,0,0,1,0,1,1,0,0
61,62,1,38.0,0,0,80.0,19,1,1,0,0,1,0,0,0,0
62,63,0,45.0,1,0,83.475,27,1,1,0,0,0,1,0,0,1
63,64,0,4.0,3,2,27.9,21,0,0,0,1,0,1,0,0,1
64,65,0,29.69911764705882,0,0,27.7208,21,0,1,0,0,0,1,1,0,0
65,66,1,29.69911764705882,1,1,15.2458,24,0,0,0,1,0,1,1,0,0
66,67,1,29.0,0,0,10.5,28,1,0,1,0,1,0,0,0,1
67,68,0,19.0,0,0,8.1583,24,0,0,0,1,0,1,0,0,1
68,69,1,17.0,4,2,7.925,31,0,0,0,1,1,0,0,0,1
69,70,0,26.0,2,0,8.6625,17,0,0,0,1,0,1,0,0,1
70,71,0,32.0,0,0,10.5,26,0,0,1,0,0,1,0,0,1
71,72,0,16.0,5,2,46.9,26,0,0,0,1,1,0,0,0,1
72,73,0,21.0,0,0,73.5,20,0,0,1,0,0,1,0,0,1
73,74,0,26.0,1,0,14.4542,27,0,0,0,1,0,1,1,0,0
74,75,1,32.0,0,0,56.4958,13,0,0,0,1,0,1,0,0,1
75,76,0,25.0,0,0,7.65,23,1,0,0,1,0,1,0,0,1
76,77,0,29.69911764705882,0,0,7.8958,17,0,0,0,1,0,1,0,0,1
77,78,0,29.69911764705882,0,0,8.05,24,0,0,0,1,0,1,0,0,1
78,79,1,0.83,0,2,29.0,29,0,0,1,0,0,1,0,0,1
79,80,1,30.0,0,0,12.475,24,0,0,0,1,1,0,0,0,1
80,81,0,22.0,0,0,9.0,20,0,0,0,1,0,1,0,0,1
81,82,1,29.0,0,0,9.5,27,0,0,0,1,0,1,0,0,1
82,83,1,29.69911764705882,0,0,7.7875,30,0,0,0,1,1,0,0,1,0
83,84,0,28.0,0,0,47.1,23,0,1,0,0,0,1,0,0,1
84,85,1,17.0,0,0,10.5,19,0,0,1,0,1,0,0,0,1
85,86,1,33.0,3,0,15.85,55,0,0,0,1,1,0,0,0,1
86,87,0,16.0,1,3,34.375,22,0,0,0,1,0,1,0,0,1
87,88,0,29.69911764705882,0,0,8.05,29,0,0,0,1,0,1,0,0,1
88,89,1,23.0,3,2,263.0,26,1,1,0,0,1,0,0,0,1
89,90,0,24.0,0,0,8.05,22,0,0,0,1,0,1,0,0,1
90,91,0,29.0,0,0,8.05,20,0,0,0,1,0,1,0,0,1
91,92,0,20.0,0,0,7.8542,26,0,0,0,1,0,1,0,0,1
92,93,0,46.0,1,0,61.175,27,1,1,0,0,0,1,0,0,1
93,94,0,26.0,1,2,20.575,23,0,0,0,1,0,1,0,0,1
94,95,0,59.0,0,0,7.25,17,0,0,0,1,0,1,0,0,1
95,96,0,29.69911764705882,0,0,8.05,27,0,0,0,1,0,1,0,0,1
96,97,0,71.0,0,0,34.6542,25,1,1,0,0,0,1,1,0,0
97,98,1,23.0,0,1,63.3583,31,1,1,0,0,0,1,1,0,0
98,99,1,34.0,0,1,23.0,36,0,0,1,0,1,0,0,0,1
99,100,0,34.0,1,0,26.0,17,0,0,1,0,0,1,0,0,1
100,101,0,28.0,0,0,7.8958,23,0,0,0,1,1,0,0,0,1
101,102,0,29.69911764705882,0,0,7.8958,32,0,0,0,1,0,1,0,0,1
102,103,0,21.0,0,1,77.2875,25,1,1,0,0,0,1,0,0,1
103,104,0,33.0,0,0,8.6542,26,0,0,0,1,0,1,0,0,1
104,105,0,37.0,2,0,7.925,30,0,0,0,1,0,1,0,0,1
105,106,0,28.0,0,0,7.8958,21,0,0,0,1,0,1,0,0,1
106,107,1,21.0,0,0,7.65,32,0,0,0,1,1,0,0,0,1
107,108,1,29.69911764705882,0,0,7.775,22,0,0,0,1,0,1,0,0,1
108,109,0,38.0,0,0,7.8958,15,0,0,0,1,0,1,0,0,1
109,110,1,29.69911764705882,1,0,24.15,19,0,0,0,1,1,0,0,1,0
110,111,0,47.0,0,0,52.0,30,1,1,0,0,0,1,0,0,1
111,112,0,14.5,1,0,14.4542,20,0,0,0,1,1,0,1,0,0
112,113,0,22.0,0,0,8.05,22,0,0,0,1,0,1,0,0,1
113,114,0,20.0,1,0,9.825,23,0,0,0,1,1,0,0,0,1
114,115,0,17.0,0,0,14.4583,21,0,0,0,1,1,0,1,0,0
115,116,0,21.0,0,0,7.925,21,0,0,0,1,0,1,0,0,1
116,117,0,70.5,0,0,7.75,20,0,0,0,1,0,1,0,1,0
117,118,0,29.0,1,0,21.0,31,0,0,1,0,0,1,0,0,1
118,119,0,24.0,0,1,247.5208,24,1,1,0,0,0,1,1,0,0
119,120,0,2.0,4,2,31.275,33,0,0,0,1,1,0,0,0,1
120,121,0,21.0,2,0,73.5,27,0,0,1,0,0,1,0,0,1
121,122,0,29.69911764705882,0,0,8.05,26,0,0,0,1,0,1,0,0,1
122,123,0,32.5,1,0,30.0708,20,0,0,1,0,0,1,1,0,0
123,124,1,32.5,0,0,13.0,19,1,0,1,0,1,0,0,0,1
124,125,0,54.0,0,1,77.2875,27,1,1,0,0,0,1,0,0,1
125,126,1,12.0,1,0,11.2417,28,0,0,0,1,0,1,1,0,0
126,127,0,29.69911764705882,0,0,7.75,19,0,0,0,1,0,1,0,1,0
127,128,1,24.0,0,0,7.1417,25,0,0,0,1,0,1,0,0,1
128,129,1,29.69911764705882,1,1,22.3583,17,1,0,0,1,1,0,1,0,0
129,130,0,45.0,0,0,6.975,18,0,0,0,1,0,1,0,0,1
130,131,0,33.0,0,0,7.8958,20,0,0,0,1,0,1,1,0,0
131,132,0,20.0,0,0,7.05,30,0,0,0,1,0,1,0,0,1
132,133,0,47.0,1,0,14.5,46,0,0,0,1,1,0,0,0,1
133,134,1,29.0,1,0,26.0,45,0,0,1,0,1,0,0,0,1
134,135,0,25.0,0,0,13.0,30,0,0,1,0,0,1,0,0,1
135,136,0,23.0,0,0,15.0458,18,0,0,1,0,0,1,1,0,0
136,137,1,19.0,0,2,26.2833,28,1,1,0,0,1,0,0,0,1
137,138,0,37.0,1,0,53.1,27,1,1,0,0,0,1,0,0,1
138,139,0,16.0,0,0,9.2167,19,0,0,0,1,0,1,0,0,1
139,140,0,24.0,0,0,79.2,18,1,1,0,0,0,1,1,0,0
140,141,0,29.69911764705882,0,2,15.2458,29,0,0,0,1,1,0,1,0,0
141,142,1,22.0,0,0,7.75,24,0,0,0,1,1,0,0,0,1
142,143,1,24.0,1,0,15.85,52,0,0,0,1,1,0,0,0,1
143,144,0,19.0,0,0,6.75,19,0,0,0,1,0,1,0,1,0
144,145,0,18.0,0,0,11.5,26,0,0,1,0,0,1,0,0,1
145,146,0,19.0,1,1,36.75,28,0,0,1,0,0,1,0,0,1
146,147,1,27.0,0,0,7.7958,44,0,0,0,1,0,1,0,0,1
147,148,0,9.0,2,2,34.375,32,0,0,0,1,1,0,0,0,1
148,149,0,36.5,0,2,26.0,40,1,0,1,0,0,1,0,0,1
149,150,0,42.0,0,0,13.0,33,0,0,1,0,0,1,0,0,1
150,151,0,51.0,0,0,12.525,26,0,0,1,0,0,1,0,0,1
151,152,1,22.0,1,0,66.6,33,1,1,0,0,1,0,0,0,1
152,153,0,55.5,0,0,8.05,16,0,0,0,1,0,1,0,0,1
153,154,0,40.5,0,2,14.5,31,0,0,0,1,0,1,0,0,1
154,155,0,29.69911764705882,0,0,7.3125,21,0,0,0,1,0,1,0,0,1
155,156,0,51.0,0,1,61.3792,27,0,1,0,0,0,1,1,0,0
156,157,1,16.0,0,0,7.7333,32,0,0,0,1,1,0,0,1,0
157,158,0,30.0,0,0,8.05,15,0,0,0,1,0,1,0,0,1
158,159,0,29.69911764705882,0,0,8.6625,19,0,0,0,1,0,1,0,0,1
159,160,0,29.69911764705882,8,2,69.55,26,0,0,0,1,0,1,0,0,1
160,161,0,44.0,0,1,16.1,24,0,0,0,1,0,1,0,0,1
161,162,1,40.0,0,0,15.75,50,0,0,1,0,1,0,0,0,1
162,163,0,26.0,0,0,7.775,26,0,0,0,1,0,1,0,0,1
163,164,0,17.0,0,0,8.6625,15,0,0,0,1,0,1,0,0,1
164,165,0,1.0,4,1,39.6875,28,0,0,0,1,0,1,0,0,1
165,166,1,9.0,0,2,20.525,47,0,0,0,1,0,1,0,0,1
166,167,1,29.69911764705882,0,1,55.0,38,1,1,0,0,1,0,0,0,1
167,168,0,45.0,1,4,27.9,47,0,0,0,1,1,0,0,0,1
168,169,0,29.69911764705882,0,0,25.925,19,0,1,0,0,0,1,0,0,1
169,170,0,28.0,0,0,56.4958,13,0,0,0,1,0,1,0,0,1
170,171,0,61.0,0,0,33.5,25,1,1,0,0,0,1,0,0,1
171,172,0,4.0,4,1,29.125,20,0,0,0,1,0,1,0,1,0
172,173,1,1.0,1,1,11.1333,28,0,0,0,1,1,0,0,0,1
173,174,0,21.0,0,0,7.925,25,0,0,0,1,0,1,0,0,1
174,175,0,56.0,0,0,30.6958,23,1,1,0,0,0,1,1,0,0
175,176,0,18.0,1,1,7.8542,22,0,0,0,1,0,1,0,0,1
176,177,0,29.69911764705882,3,1,25.4667,29,0,0,0,1,0,1,0,0,1
177,178,0,50.0,0,0,28.7125,26,1,1,0,0,1,0,1,0,0
178,179,0,30.0,0,0,13.0,18,0,0,1,0,0,1,0,0,1
179,180,0,36.0,0,0,0.0,19,0,0,0,1,0,1,0,0,1
180,181,0,29.69911764705882,8,2,69.55,28,0,0,0,1,1,0,0,0,1
181,182,0,29.69911764705882,0,0,15.05,16,0,0,1,0,0,1,1,0,0
182,183,0,9.0,4,2,31.3875,37,0,0,0,1,0,1,0,0,1
183,184,1,1.0,2,1,39.0,25,1,0,1,0,0,1,0,0,1
184,185,1,4.0,0,2,22.025,35,0,0,0,1,1,0,0,0,1
185,186,0,29.69911764705882,0,0,50.0,21,1,1,0,0,0,1,0,0,1
186,187,1,29.69911764705882,1,0,15.5,47,0,0,0,1,1,0,0,1,0
187,188,1,45.0,0,0,26.55,45,0,1,0,0,0,1,0,0,1
188,189,0,40.0,1,1,15.5,16,0,0,0,1,0,1,0,1,0
189,190,0,36.0,0,0,7.8958,19,0,0,0,1,0,1,0,0,1
190,191,1,32.0,0,0,13.0,19,0,0,1,0,1,0,0,0,1
191,192,0,19.0,0,0,13.0,21,0,0,1,0,0,1,0,0,1
192,193,1,19.0,1,0,7.8542,47,0,0,0,1,1,0,0,0,1
193,194,1,3.0,1,1,26.0,26,1,0,1,0,0,1,0,0,1
194,195,1,44.0,0,0,27.7208,41,1,1,0,0,1,0,1,0,0
195,196,1,58.0,0,0,146.5208,20,1,1,0,0,1,0,1,0,0
196,197,0,29.69911764705882,0,0,7.75,19,0,0,0,1,0,1,0,1,0
197,198,0,42.0,0,1,8.4042,32,0,0,0,1,0,1,0,0,1
198,199,1,29.69911764705882,0,0,7.75,32,0,0,0,1,1,0,0,1,0
199,200,0,24.0,0,0,13.0,38,0,0,1,0,1,0,0,0,1
200,201,0,28.0,0,0,9.5,30,0,0,0,1,0,1,0,0,1
201,202,0,29.69911764705882,8,2,69.55,19,0,0,0,1,0,1,0,0,1
202,203,0,34.0,0,0,6.4958,26,0,0,0,1,0,1,0,0,1
203,204,0,45.5,0,0,7.225,20,0,0,0,1,0,1,1,0,0
204,205,1,18.0,0,0,8.05,24,0,0,0,1,0,1,0,0,1
205,206,0,2.0,0,1,10.4625,26,1,0,0,1,1,0,0,0,1
206,207,0,32.0,1,0,15.85,26,0,0,0,1,0,1,0,0,1
207,208,1,26.0,0,0,18.7875,27,0,0,0,1,0,1,1,0,0
208,209,1,16.0,0,0,7.75,25,0,0,0,1,1,0,0,1,0
209,210,1,40.0,0,0,31.0,16,1,1,0,0,0,1,1,0,0
210,211,0,24.0,0,0,7.05,14,0,0,0,1,0,1,0,0,1
211,212,1,35.0,0,0,21.0,26,0,0,1,0,1,0,0,0,1
212,213,0,22.0,0,0,7.25,22,0,0,0,1,0,1,0,0,1
213,214,0,30.0,0,0,13.0,27,0,0,1,0,0,1,0,0,1
214,215,0,29.69911764705882,1,0,7.75,19,0,0,0,1,0,1,0,1,0
215,216,1,31.0,1,0,113.275,23,1,1,0,0,1,0,1,0,0
216,217,1,27.0,0,0,7.925,22,0,0,0,1,1,0,0,0,1
217,218,0,42.0,1,0,27.0,28,0,0,1,0,0,1,0,0,1
218,219,1,32.0,0,0,76.2917,21,1,1,0,0,1,0,1,0,0
219,220,0,30.0,0,0,10.5,18,0,0,1,0,0,1,0,0,1
220,221,1,16.0,0,0,8.05,30,0,0,0,1,0,1,0,0,1
221,222,0,27.0,0,0,13.0,20,0,0,1,0,0,1,0,0,1
222,223,0,51.0,0,0,8.05,23,0,0,0,1,0,1,0,0,1
223,224,0,29.69911764705882,0,0,7.8958,20,0,0,0,1,0,1,0,0,1
224,225,1,38.0,1,0,90.0,28,1,1,0,0,0,1,0,0,1
225,226,0,22.0,0,0,9.35,28,0,0,0,1,0,1,0,0,1
226,227,1,19.0,0,0,10.5,25,0,0,1,0,0,1,0,0,1
227,228,0,20.5,0,0,7.25,31,0,0,0,1,0,1,0,0,1
228,229,0,18.0,0,0,13.0,25,0,0,1,0,0,1,0,0,1
229,230,0,29.69911764705882,3,1,25.4667,23,0,0,0,1,1,0,0,0,1
230,231,1,35.0,1,0,83.475,44,1,1,0,0,1,0,0,0,1
231,232,0,29.0,0,0,7.775,24,0,0,0,1,0,1,0,0,1
232,233,0,59.0,0,0,13.5,25,0,0,1,0,0,1,0,0,1
233,234,1,5.0,4,2,31.3875,30,0,0,0,1,1,0,0,0,1
234,235,0,24.0,0,0,10.5,33,0,0,1,0,0,1,0,0,1
235,236,0,29.69911764705882,0,0,7.55,28,0,0,0,1,1,0,0,0,1
236,237,0,44.0,1,0,26.0,17,0,0,1,0,0,1,0,0,1
237,238,1,8.0,0,2,26.25,32,0,0,1,0,1,0,0,0,1
238,239,0,19.0,0,0,10.5,31,0,0,1,0,0,1,0,0,1
239,240,0,33.0,0,0,12.275,22,0,0,1,0,0,1,0,0,1
240,241,0,29.69911764705882,1,0,14.4542,21,0,0,0,1,1,0,1,0,0
241,242,1,29.69911764705882,1,0,15.5,30,0,0,0,1,1,0,0,1,0
242,243,0,29.0,0,0,10.5,31,0,0,1,0,0,1,0,0,1
243,244,0,22.0,0,0,7.125,29,0,0,0,1,0,1,0,0,1
244,245,0,30.0,0,0,7.225,20,0,0,0,1,0,1,1,0,0
245,246,0,44.0,2,0,90.0,27,1,1,0,0,0,1,0,1,0
246,247,0,25.0,0,0,7.775,37,0,0,0,1,1,0,0,0,1
247,248,1,24.0,0,2,14.5,31,0,0,1,0,1,0,0,0,1
248,249,1,37.0,1,1,52.5542,29,1,1,0,0,0,1,0,0,1
249,250,0,54.0,1,0,26.0,29,0,0,1,0,0,1,0,0,1
250,251,0,29.69911764705882,0,0,7.25,22,0,0,0,1,0,1,0,0,1
251,252,0,29.0,1,1,10.4625,42,1,0,0,1,1,0,0,0,1
252,253,0,62.0,0,0,26.55,25,1,1,0,0,0,1,0,0,1
253,254,0,30.0,1,0,16.1,24,0,0,0,1,0,1,0,0,1
254,255,0,41.0,0,2,20.2125,40,0,0,0,1,1,0,0,0,1
255,256,1,29.0,0,2,15.2458,39,0,0,0,1,1,0,1,0,0
256,257,1,29.69911764705882,0,0,79.2,30,0,1,0,0,1,0,1,0,0
257,258,1,30.0,0,0,86.5,20,1,1,0,0,1,0,0,0,1
258,259,1,35.0,0,0,512.3292,16,0,1,0,0,1,0,1,0,0
259,260,1,50.0,0,1,26.0,27,0,0,1,0,1,0,0,0,1
260,261,0,29.69911764705882,0,0,7.75,17,0,0,0,1,0,1,0,1,0
261,262,1,3.0,4,2,31.3875,33,0,0,0,1,0,1,0,0,1
262,263,0,52.0,1,1,79.65,17,1,1,0,0,0,1,0,0,1
263,264,0,40.0,0,0,0.0,21,1,1,0,0,0,1,0,0,1
264,265,0,29.69911764705882,0,0,7.75,18,0,0,0,1,1,0,0,1,0
265,266,0,36.0,0,0,10.5,17,0,0,1,0,0,1,0,0,1
266,267,0,16.0,4,1,39.6875,25,0,0,0,1,0,1,0,0,1
267,268,1,25.0,1,0,7.775,24,0,0,0,1,0,1,0,0,1
268,269,1,58.0,0,1,153.4625,45,1,1,0,0,1,0,0,0,1
269,270,1,35.0,0,0,135.6333,22,1,1,0,0,1,0,0,0,1
270,271,0,29.69911764705882,0,0,31.0,21,0,1,0,0,0,1,0,0,1
271,272,1,25.0,0,0,0.0,28,0,0,0,1,0,1,0,0,1
272,273,1,41.0,0,1,19.5,41,0,0,1,0,1,0,0,0,1
273,274,0,37.0,0,1,29.7,21,1,1,0,0,0,1,1,0,0
274,275,1,29.69911764705882,0,0,7.75,26,0,0,0,1,1,0,0,1,0
275,276,1,63.0,1,0,77.9583,33,1,1,0,0,1,0,0,0,1
276,277,0,45.0,0,0,7.75,33,0,0,0,1,1,0,0,0,1
277,278,0,29.69911764705882,0,0,0.0,27,0,0,1,0,0,1,0,0,1
278,279,0,7.0,4,1,29.125,18,0,0,0,1,0,1,0,1,0
279,280,1,35.0,1,1,20.25,32,0,0,0,1,1,0,0,0,1
280,281,0,65.0,0,0,7.75,16,0,0,0,1,0,1,0,1,0
281,282,0,28.0,0,0,7.8542,32,0,0,0,1,0,1,0,0,1
282,283,0,16.0,0,0,9.5,25,0,0,0,1,0,1,0,0,1
283,284,1,19.0,0,0,8.05,26,0,0,0,1,0,1,0,0,1
284,285,0,29.69911764705882,0,0,26.0,26,1,1,0,0,0,1,0,0,1
285,286,0,33.0,0,0,8.6625,19,0,0,0,1,0,1,1,0,0
286,287,1,30.0,0,0,9.5,23,0,0,0,1,0,1,0,0,1
287,288,0,22.0,0,0,7.8958,20,0,0,0,1,0,1,0,0,1
288,289,1,42.0,0,0,13.0,20,0,0,1,0,0,1,0,0,1
289,290,1,22.0,0,0,7.75,20,0,0,0,1,1,0,0,1,0
290,291,1,26.0,0,0,78.85,28,0,1,0,0,1,0,0,0,1
291,292,1,19.0,1,0,91.0792,39,1,1,0,0,1,0,1,0,0
292,293,0,36.0,0,0,12.875,22,1,0,1,0,0,1,1,0,0
293,294,0,24.0,0,0,8.85,19,0,0,0,1,1,0,0,0,1
294,295,0,24.0,0,0,7.8958,16,0,0,0,1,0,1,0,0,1
295,296,0,29.69911764705882,0,0,27.7208,17,0,1,0,0,0,1,1,0,0
296,297,0,23.5,0,0,7.2292,18,0,0,0,1,0,1,1,0,0
297,298,0,2.0,1,2,151.55,28,1,1,0,0,1,0,0,0,1
298,299,1,29.69911764705882,0,0,30.5,21,1,1,0,0,0,1,0,0,1
299,300,1,50.0,0,1,247.5208,47,1,1,0,0,1,0,1,0,0
300,301,1,29.69911764705882,0,0,7.75,40,0,0,0,1,1,0,0,1,0
301,302,1,29.69911764705882,2,0,23.25,18,0,0,0,1,0,1,0,1,0
302,303,0,19.0,0,0,0.0,31,0,0,0,1,0,1,0,0,1
303,304,1,29.69911764705882,0,0,12.35,19,1,0,1,0,1,0,0,1,0
304,305,0,29.69911764705882,0,0,8.05,33,0,0,0,1,0,1,0,0,1
305,306,1,0.92,1,2,151.55,30,1,1,0,0,0,1,0,0,1
306,307,1,29.69911764705882,0,0,110.8833,23,0,1,0,0,1,0,1,0,0
307,308,1,17.0,1,0,108.9,82,1,1,0,0,1,0,1,0,0
308,309,0,30.0,1,0,24.0,19,0,0,1,0,0,1,1,0,0
309,310,1,30.0,0,0,56.9292,30,1,1,0,0,1,0,1,0,0
310,311,1,24.0,0,0,83.1583,30,1,1,0,0,1,0,1,0,0
311,312,1,18.0,2,2,262.375,26,1,1,0,0,1,0,1,0,0
312,313,0,26.0,1,1,26.0,37,0,0,1,0,1,0,0,0,1
313,314,0,28.0,0,0,7.8958,22,0,0,0,1,0,1,0,0,1
314,315,0,43.0,1,1,26.25,18,0,0,1,0,0,1,0,0,1
315,316,1,26.0,0,0,7.8542,31,0,0,0,1,1,0,0,0,1
316,317,1,24.0,1,0,26.0,35,0,0,1,0,1,0,0,0,1
317,318,0,54.0,0,0,14.0,20,0,0,1,0,0,1,0,0,1
318,319,1,31.0,0,2,164.8667,24,1,1,0,0,1,0,0,0,1
319,320,1,40.0,1,1,134.5,56,1,1,0,0,1,0,1,0,0
320,321,0,22.0,0,0,7.25,18,0,0,0,1,0,1,0,0,1
321,322,0,27.0,0,0,7.8958,16,0,0,0,1,0,1,0,0,1
322,323,1,30.0,0,0,12.35,25,0,0,1,0,1,0,0,1,0
323,324,1,22.0,1,1,29.0,51,0,0,1,0,1,0,0,0,1
324,325,0,29.69911764705882,8,2,69.55,24,0,0,0,1,0,1,0,0,1
325,326,1,36.0,0,0,135.6333,24,1,1,0,0,1,0,1,0,0
326,327,0,61.0,0,0,6.2375,25,0,0,0,1,0,1,0,0,1
327,328,1,36.0,0,0,13.0,23,1,0,1,0,1,0,0,0,1
328,329,1,31.0,1,1,20.525,46,0,0,0,1,1,0,0,0,1
329,330,1,16.0,0,1,57.9792,28,1,1,0,0,1,0,1,0,0
330,331,1,29.69911764705882,2,0,23.25,18,0,0,0,1,1,0,0,1,0
331,332,0,45.5,0,0,28.5,19,1,1,0,0,0,1,0,0,1
332,333,0,38.0,0,1,153.4625,25,1,1,0,0,0,1,0,0,1
333,334,0,16.0,2,0,18.0,31,0,0,0,1,0,1,0,0,1
334,335,1,29.69911764705882,1,0,133.65,50,0,1,0,0,1,0,0,0,1
335,336,0,29.69911764705882,0,0,7.8958,18,0,0,0,1,0,1,0,0,1
336,337,0,29.0,1,0,66.6,25,1,1,0,0,0,1,0,0,1
337,338,1,41.0,0,0,134.5,31,1,1,0,0,1,0,1,0,0
338,339,1,45.0,0,0,8.05,21,0,0,0,1,0,1,0,0,1
339,340,0,45.0,0,0,35.5,28,1,1,0,0,0,1,0,0,1
340,341,1,2.0,1,1,26.0,30,1,0,1,0,0,1,0,0,1
341,342,1,24.0,3,2,263.0,30,1,1,0,0,1,0,0,0,1
342,343,0,28.0,0,0,13.0,26,0,0,1,0,0,1,0,0,1
343,344,0,25.0,0,0,13.0,42,0,0,1,0,0,1,0,0,1
344,345,0,36.0,0,0,13.0,23,0,0,1,0,0,1,0,0,1
345,346,1,24.0,0,0,13.0,29,1,0,1,0,1,0,0,0,1
346,347,1,40.0,0,0,13.0,25,0,0,1,0,1,0,0,0,1
347,348,1,29.69911764705882,1,0,16.1,41,0,0,0,1,1,0,0,0,1
348,349,1,3.0,1,1,15.9,38,0,0,0,1,0,1,0,0,1
349,350,0,42.0,0,0,8.6625,16,0,0,0,1,0,1,0,0,1
350,351,0,23.0,0,0,9.225,22,0,0,0,1,0,1,0,0,1
351,352,0,29.69911764705882,0,0,35.0,38,1,1,0,0,0,1,0,0,1
352,353,0,15.0,1,1,7.2292,18,0,0,0,1,0,1,1,0,0
353,354,0,25.0,1,0,17.8,25,0,0,0,1,0,1,0,0,1
354,355,0,29.69911764705882,0,0,7.225,17,0,0,0,1,0,1,1,0,0
355,356,0,28.0,0,0,9.5,27,0,0,0,1,0,1,0,0,1
356,357,1,22.0,0,1,55.0,27,1,1,0,0,1,0,0,0,1
357,358,0,38.0,0,0,13.0,25,0,0,1,0,1,0,0,0,1
358,359,1,29.69911764705882,0,0,7.8792,20,0,0,0,1,1,0,0,1,0
359,360,1,29.69911764705882,0,0,7.8792,33,0,0,0,1,1,0,0,1,0
360,361,0,40.0,1,4,27.9,18,0,0,0,1,0,1,0,0,1
361,362,0,29.0,1,0,27.7208,25,0,0,1,0,0,1,1,0,0
362,363,0,45.0,0,1,14.4542,31,0,0,0,1,1,0,1,0,0
363,364,0,35.0,0,0,7.05,15,0,0,0,1,0,1,0,0,1
364,365,0,29.69911764705882,1,0,15.5,19,0,0,0,1,0,1,0,1,0
365,366,0,30.0,0,0,7.25,30,0,0,0,1,0,1,0,0,1
366,367,1,60.0,1,0,75.25,48,1,1,0,0,1,0,1,0,0
367,368,1,29.69911764705882,0,0,7.2292,30,0,0,0,1,1,0,1,0,0
368,369,1,29.69911764705882,0,0,7.75,19,0,0,0,1,1,0,0,1,0
369,370,1,24.0,0,0,69.3,29,1,1,0,0,1,0,1,0,0
370,371,1,25.0,1,0,55.4417,27,1,1,0,0,0,1,1,0,0
371,372,0,18.0,1,0,6.4958,25,0,0,0,1,0,1,0,0,1
372,373,0,19.0,0,0,8.05,26,0,0,0,1,0,1,0,0,1
373,374,0,22.0,0,0,135.6333,19,0,1,0,0,0,1,1,0,0
374,375,0,3.0,3,1,21.075,26,0,0,0,1,1,0,0,0,1
375,376,1,29.69911764705882,1,0,82.1708,37,0,1,0,0,1,0,1,0,0
376,377,1,22.0,0,0,7.25,31,0,0,0,1,1,0,0,0,1
377,378,0,27.0,0,2,211.5,25,1,1,0,0,0,1,1,0,0
378,379,0,20.0,0,0,4.0125,19,0,0,0,1,0,1,1,0,0
379,380,0,19.0,0,0,7.775,27,0,0,0,1,0,1,0,0,1
380,381,1,42.0,0,0,227.525,21,0,1,0,0,1,0,1,0,0
381,382,1,1.0,0,2,15.7417,27,0,0,0,1,1,0,1,0,0
382,383,0,32.0,0,0,7.925,18,0,0,0,1,0,1,0,0,1
383,384,1,35.0,1,0,52.0,51,0,1,0,0,1,0,0,0,1
384,385,0,29.69911764705882,0,0,7.8958,22,0,0,0,1,0,1,0,0,1
385,386,0,18.0,0,0,73.5,25,0,0,1,0,0,1,0,0,1
386,387,0,1.0,5,2,46.9,31,0,0,0,1,0,1,0,0,1
387,388,1,36.0,0,0,13.0,16,0,0,1,0,1,0,0,0,1
388,389,0,29.69911764705882,0,0,7.7292,20,0,0,0,1,0,1,0,1,0
389,390,1,17.0,0,0,12.0,21,0,0,1,0,1,0,1,0,0
390,391,1,36.0,1,2,120.0,26,1,1,0,0,0,1,0,0,1
391,392,1,21.0,0,0,7.7958,22,0,0,0,1,0,1,0,0,1
392,393,0,28.0,2,0,7.925,28,0,0,0,1,0,1,0,0,1
393,394,1,23.0,1,0,113.275,22,1,1,0,0,1,0,1,0,0
394,395,1,24.0,0,2,16.7,51,1,0,0,1,1,0,0,0,1
395,396,0,22.0,0,0,7.7958,19,0,0,0,1,0,1,0,0,1
396,397,0,31.0,0,0,7.8542,19,0,0,0,1,1,0,0,0,1
397,398,0,46.0,0,0,26.0,23,0,0,1,0,0,1,0,0,1
398,399,0,23.0,0,0,10.5,16,0,0,1,0,0,1,0,0,1
399,400,1,28.0,0,0,12.65,32,0,0,1,0,1,0,0,0,1
400,401,1,39.0,0,0,7.925,18,0,0,0,1,0,1,0,0,1
401,402,0,26.0,0,0,8.05,15,0,0,0,1,0,1,0,0,1
402,403,0,21.0,1,0,9.825,24,0,0,0,1,1,0,0,0,1
403,404,0,28.0,1,0,15.85,30,0,0,0,1,0,1,0,0,1
404,405,0,20.0,0,0,8.6625,23,0,0,0,1,1,0,0,0,1
405,406,0,34.0,1,0,21.0,18,0,0,1,0,0,1,0,0,1
406,407,0,51.0,0,0,7.75,32,0,0,0,1,0,1,0,0,1
407,408,1,3.0,1,1,18.75,30,0,0,1,0,0,1,0,0,1
408,409,0,21.0,0,0,7.775,33,0,0,0,1,0,1,0,0,1
409,410,0,29.69911764705882,3,1,25.4667,18,0,0,0,1,1,0,0,0,1
410,411,0,29.69911764705882,0,0,7.8958,18,0,0,0,1,0,1,0,0,1
411,412,0,29.69911764705882,0,0,6.8583,15,0,0,0,1,0,1,0,1,0
412,413,1,33.0,1,0,90.0,22,1,1,0,0,1,0,0,1,0
413,414,0,29.69911764705882,0,0,0.0,30,0,0,1,0,0,1,0,0,1
414,415,1,44.0,0,0,7.925,25,0,0,0,1,0,1,0,0,1
415,416,0,29.69911764705882,0,0,8.05,39,0,0,0,1,1,0,0,0,1
416,417,1,34.0,1,1,32.5,47,0,0,1,0,1,0,0,0,1
417,418,1,18.0,0,2,13.0,29,0,0,1,0,1,0,0,0,1
418,419,0,30.0,0,0,13.0,26,0,0,1,0,0,1,0,0,1
419,420,0,10.0,0,2,24.15,25,0,0,0,1,1,0,0,0,1
420,421,0,29.69911764705882,0,0,7.8958,22,0,0,0,1,0,1,1,0,0
421,422,0,21.0,0,0,7.7333,19,0,0,0,1,0,1,0,1,0
422,423,0,29.0,0,0,7.875,18,0,0,0,1,0,1,0,0,1
423,424,0,28.0,1,1,14.4,54,0,0,0,1,1,0,0,0,1
424,425,0,18.0,1,1,20.2125,27,0,0,0,1,0,1,0,0,1
425,426,0,29.69911764705882,0,0,7.25,22,0,0,0,1,0,1,0,0,1
426,427,1,28.0,1,0,26.0,43,0,0,1,0,1,0,0,0,1
427,428,1,19.0,0,0,26.0,67,0,0,1,0,1,0,0,0,1
428,429,0,29.69911764705882,0,0,7.75,16,0,0,0,1,0,1,0,1,0
429,430,1,32.0,0,0,8.05,34,1,0,0,1,0,1,0,0,1
430,431,1,28.0,0,0,26.55,41,1,1,0,0,0,1,0,0,1
431,432,1,29.69911764705882,1,0,16.1,49,0,0,0,1,1,0,0,0,1
432,433,1,42.0,1,0,26.0,51,0,0,1,0,1,0,0,0,1
433,434,0,17.0,0,0,7.125,26,0,0,0,1,0,1,0,0,1
434,435,0,50.0,1,0,55.9,25,1,1,0,0,0,1,0,0,1
435,436,1,14.0,1,2,120.0,25,1,1,0,0,1,0,0,0,1
436,437,0,21.0,2,2,34.375,36,0,0,0,1,1,0,0,0,1
437,438,1,24.0,2,3,18.75,37,0,0,1,0,1,0,0,0,1
438,439,0,64.0,1,4,263.0,17,1,1,0,0,0,1,0,0,1
439,440,0,31.0,0,0,10.5,38,0,0,1,0,0,1,0,0,1
440,441,1,45.0,1,1,26.25,43,0,0,1,0,1,0,0,0,1
441,442,0,20.0,0,0,9.5,15,0,0,0,1,0,1,0,0,1
442,443,0,25.0,1,0,7.775,25,0,0,0,1,0,1,0,0,1
443,444,1,28.0,0,0,13.0,25,0,0,1,0,1,0,0,0,1
444,445,1,29.69911764705882,0,0,8.1125,33,0,0,0,1,0,1,0,0,1
445,446,1,4.0,0,2,81.8583,25,1,1,0,0,0,1,0,0,1
446,447,1,13.0,0,1,19.5,33,0,0,1,0,1,0,0,0,1
447,448,1,34.0,0,0,26.55,27,0,1,0,0,0,1,0,0,1
448,449,1,5.0,2,1,19.2583,30,0,0,0,1,1,0,1,0,0
449,450,1,52.0,0,0,30.5,30,1,1,0,0,0,1,0,0,1
450,451,0,36.0,1,2,27.75,21,0,0,1,0,0,1,0,0,1
451,452,0,29.69911764705882,1,0,19.9667,31,0,0,0,1,0,1,0,0,1
452,453,0,30.0,0,0,27.75,31,1,1,0,0,0,1,1,0,0
453,454,1,49.0,1,0,89.1042,24,1,1,0,0,0,1,1,0,0
454,455,0,29.69911764705882,0,0,8.05,19,0,0,0,1,0,1,0,0,1
455,456,1,29.0,0,0,7.8958,18,0,0,0,1,0,1,1,0,0
456,457,0,65.0,0,0,26.55,25,1,1,0,0,0,1,0,0,1
457,458,1,29.69911764705882,1,0,51.8625,33,1,1,0,0,1,0,0,0,1
458,459,1,50.0,0,0,10.5,19,0,0,1,0,1,0,0,0,1
459,460,0,29.69911764705882,0,0,7.75,21,0,0,0,1,0,1,0,1,0
460,461,1,48.0,0,0,26.55,19,1,1,0,0,0,1,0,0,1
461,462,0,34.0,0,0,8.05,19,0,0,0,1,0,1,0,0,1
462,463,0,47.0,0,0,38.5,17,1,1,0,0,0,1,0,0,1
463,464,0,48.0,0,0,13.0,28,0,0,1,0,0,1,0,0,1
464,465,0,29.69911764705882,0,0,8.05,18,0,0,0,1,0,1,0,0,1
465,466,0,38.0,0,0,7.05,31,0,0,0,1,0,1,0,0,1
466,467,0,29.69911764705882,0,0,0.0,21,0,0,1,0,0,1,0,0,1
467,468,0,56.0,0,0,26.55,26,0,1,0,0,0,1,0,0,1
468,469,0,29.69911764705882,0,0,7.725,18,0,0,0,1,0,1,0,1,0
469,470,1,0.75,2,1,19.2583,29,0,0,0,1,1,0,1,0,0
470,471,0,29.69911764705882,0,0,7.25,17,0,0,0,1,0,1,0,0,1
471,472,0,38.0,0,0,8.6625,15,0,0,0,1,0,1,0,0,1
472,473,1,33.0,1,2,27.75,39,0,0,1,0,1,0,0,0,1
473,474,1,23.0,0,0,13.7917,44,1,0,1,0,1,0,1,0,0
474,475,0,22.0,0,0,9.8375,27,0,0,0,1,1,0,0,0,1
475,476,0,29.69911764705882,0,0,52.0,27,1,1,0,0,0,1,0,0,1
476,477,0,34.0,1,0,21.0,23,0,0,1,0,0,1,0,0,1
477,478,0,29.0,1,0,7.0458,25,0,0,0,1,0,1,0,0,1
478,479,0,22.0,0,0,7.5208,25,0,0,0,1,0,1,0,0,1
479,480,1,2.0,0,1,12.2875,24,0,0,0,1,1,0,0,0,1
480,481,0,9.0,5,2,46.9,30,0,0,0,1,0,1,0,0,1
481,482,0,29.69911764705882,0,0,0.0,32,0,0,1,0,0,1,0,0,1
482,483,0,50.0,0,0,8.05,24,0,0,0,1,0,1,0,0,1
483,484,1,63.0,0,0,9.5875,22,0,0,0,1,1,0,0,0,1
484,485,1,25.0,1,0,91.0792,23,1,1,0,0,0,1,1,0,0
485,486,0,29.69911764705882,3,1,25.4667,22,0,0,0,1,1,0,0,0,1
486,487,1,35.0,1,0,90.0,47,1,1,0,0,1,0,0,0,1
487,488,0,58.0,0,0,29.7,23,1,1,0,0,0,1,1,0,0
488,489,0,30.0,0,0,8.05,29,0,0,0,1,0,1,0,0,1
489,490,1,9.0,1,1,15.9,37,0,0,0,1,0,1,0,0,1
490,491,0,29.69911764705882,1,0,19.9667,36,0,0,0,1,0,1,0,0,1
491,492,0,21.0,0,0,7.25,19,0,0,0,1,0,1,0,0,1
492,493,0,55.0,0,0,30.5,26,1,1,0,0,0,1,0,0,1
493,494,0,71.0,0,0,49.5042,23,0,1,0,0,0,1,1,0,0
494,495,0,21.0,0,0,8.05,26,0,0,0,1,0,1,0,0,1
495,496,0,29.69911764705882,0,0,14.4583,21,0,0,0,1,0,1,1,0,0
496,497,1,54.0,1,0,78.2667,30,1,1,0,0,1,0,1,0,0
497,498,0,29.69911764705882,0,0,15.1,31,0,0,0,1,0,1,0,0,1
498,499,0,25.0,1,2,151.55,47,1,1,0,0,1,0,0,0,1
499,500,0,24.0,0,0,7.7958,18,0,0,0,1,0,1,0,0,1
500,501,0,17.0,0,0,8.6625,16,0,0,0,1,0,1,0,0,1
501,502,0,21.0,0,0,7.75,19,0,0,0,1,1,0,0,1,0
502,503,0,29.69911764705882,0,0,7.6292,30,0,0,0,1,1,0,0,1,0
503,504,0,37.0,0,0,9.5875,30,0,0,0,1,1,0,0,0,1
504,505,1,16.0,0,0,86.5,21,1,1,0,0,1,0,0,0,1
505,506,0,18.0,1,0,108.9,42,1,1,0,0,0,1,1,0,0
506,507,1,33.0,0,2,26.0,45,0,0,1,0,1,0,0,0,1
507,508,1,29.69911764705882,0,0,26.55,45,0,1,0,0,0,1,0,0,1
508,509,0,28.0,0,0,22.525,24,0,0,0,1,0,1,0,0,1
509,510,1,26.0,0,0,56.4958,14,0,0,0,1,0,1,0,0,1
510,511,1,29.0,0,0,7.75,24,0,0,0,1,0,1,0,1,0
511,512,0,29.69911764705882,0,0,8.05,17,0,0,0,1,0,1,0,0,1
512,513,1,36.0,0,0,26.2875,25,1,1,0,0,0,1,0,0,1
513,514,1,54.0,1,0,59.4,46,0,1,0,0,1,0,1,0,0
514,515,0,24.0,0,0,7.4958,17,0,0,0,1,0,1,0,0,1
515,516,0,47.0,0,0,34.0208,28,1,1,0,0,0,1,0,0,1
516,517,1,34.0,0,0,10.5,28,1,0,1,0,1,0,0,0,1
517,518,0,29.69911764705882,0,0,24.15,17,0,0,0,1,0,1,0,1,0
518,519,1,36.0,1,0,26.0,52,0,0,1,0,1,0,0,0,1
519,520,0,32.0,0,0,7.8958,19,0,0,0,1,0,1,0,0,1
520,521,1,30.0,0,0,93.5,21,1,1,0,0,1,0,0,0,1
521,522,0,22.0,0,0,7.8958,15,0,0,0,1,0,1,0,0,1
522,523,0,29.69911764705882,0,0,7.225,18,0,0,0,1,0,1,1,0,0
523,524,1,44.0,0,1,57.9792,47,1,1,0,0,1,0,1,0,0
524,525,0,29.69911764705882,0,0,7.2292,17,0,0,0,1,0,1,1,0,0
525,526,0,40.5,0,0,7.75,18,0,0,0,1,0,1,0,1,0
526,527,1,50.0,0,0,10.5,20,0,0,1,0,1,0,0,0,1
527,528,0,29.69911764705882,0,0,221.7792,18,1,1,0,0,0,1,0,0,1
528,529,0,39.0,0,0,7.925,25,0,0,0,1,0,1,0,0,1
529,530,0,23.0,2,1,11.5,27,0,0,1,0,0,1,0,0,1
530,531,1,2.0,1,1,26.0,24,0,0,1,0,1,0,0,0,1
531,532,0,29.69911764705882,0,0,7.2292,17,0,0,0,1,0,1,1,0,0
532,533,0,17.0,1,1,7.2292,20,0,0,0,1,0,1,1,0,0
533,534,1,29.69911764705882,0,2,22.3583,38,0,0,0,1,1,0,1,0,0
534,535,0,30.0,0,0,8.6625,19,0,0,0,1,1,0,0,0,1
535,536,1,7.0,0,2,26.25,22,0,0,1,0,1,0,0,0,1
536,537,0,45.0,0,0,26.55,33,1,1,0,0,0,1,0,0,1
537,538,1,30.0,0,0,106.425,19,0,1,0,0,1,0,1,0,0
538,539,0,29.69911764705882,0,0,14.5,24,0,0,0,1,0,1,0,0,1
539,540,1,22.0,0,2,49.5,34,1,1,0,0,1,0,1,0,0
540,541,1,36.0,0,2,71.0,23,1,1,0,0,1,0,0,0,1
541,542,0,9.0,4,2,31.275,36,0,0,0,1,1,0,0,0,1
542,543,0,11.0,4,2,31.275,33,0,0,0,1,1,0,0,0,1
543,544,1,32.0,1,0,26.0,17,0,0,1,0,0,1,0,0,1
544,545,0,50.0,1,0,106.425,26,1,1,0,0,0,1,1,0,0
545,546,0,64.0,0,0,26.0,28,0,1,0,0,0,1,0,0,1
546,547,1,19.0,1,0,26.0,33,0,0,1,0,1,0,0,0,1
547,548,1,29.69911764705882,0,0,13.8625,26,0,0,1,0,0,1,1,0,0
548,549,0,33.0,1,1,20.525,25,0,0,0,1,0,1,0,0,1
549,550,1,8.0,1,1,36.75,30,0,0,1,0,0,1,0,0,1
550,551,1,17.0,0,2,110.8833,27,1,1,0,0,0,1,1,0,0
551,552,0,27.0,0,0,26.0,27,0,0,1,0,0,1,0,0,1
552,553,0,29.69911764705882,0,0,7.8292,20,0,0,0,1,0,1,0,1,0
553,554,1,22.0,0,0,7.225,33,0,0,0,1,0,1,1,0,0
554,555,1,22.0,0,0,7.775,18,0,0,0,1,1,0,0,0,1
555,556,0,62.0,0,0,26.55,18,0,1,0,0,0,1,0,0,1
556,557,1,48.0,1,0,39.6,65,1,1,0,0,1,0,1,0,0
557,558,0,29.69911764705882,0,0,227.525,19,0,1,0,0,0,1,1,0,0
558,559,1,39.0,1,1,79.65,38,1,1,0,0,1,0,0,0,1
559,560,1,36.0,1,0,17.4,44,0,0,0,1,1,0,0,0,1
560,561,0,29.69911764705882,0,0,7.75,24,0,0,0,1,0,1,0,1,0
561,562,0,40.0,0,0,7.8958,17,0,0,0,1,0,1,0,0,1
562,563,0,28.0,0,0,13.5,26,0,0,1,0,0,1,0,0,1
563,564,0,29.69911764705882,0,0,8.05,17,0,0,0,1,0,1,0,0,1
564,565,0,29.69911764705882,0,0,8.05,30,0,0,0,1,1,0,0,0,1
565,566,0,24.0,2,0,24.15,20,0,0,0,1,0,1,0,0,1
566,567,0,19.0,0,0,7.8958,20,0,0,0,1,0,1,0,0,1
567,568,0,29.0,0,4,21.075,43,0,0,0,1,1,0,0,0,1
568,569,0,29.69911764705882,0,0,7.2292,19,0,0,0,1,0,1,1,0,0
569,570,1,32.0,0,0,7.8542,17,0,0,0,1,0,1,0,0,1
570,571,1,62.0,0,0,10.5,18,0,0,1,0,0,1,0,0,1
571,572,1,53.0,2,0,51.4792,45,1,1,0,0,1,0,0,0,1
572,573,1,36.0,0,0,26.3875,32,1,1,0,0,0,1,0,0,1
573,574,1,29.69911764705882,0,0,7.75,17,0,0,0,1,1,0,0,1,0
574,575,0,16.0,0,0,8.05,28,0,0,0,1,0,1,0,0,1
575,576,0,19.0,0,0,14.5,20,0,0,0,1,0,1,0,0,1
576,577,1,34.0,0,0,13.0,20,0,0,1,0,1,0,0,0,1
577,578,1,39.0,1,0,55.9,41,1,1,0,0,1,0,0,0,1
578,579,0,29.69911764705882,1,0,14.4583,32,0,0,0,1,1,0,1,0,0
579,580,1,32.0,0,0,7.925,19,0,0,0,1,0,1,0,0,1
580,581,1,25.0,1,1,30.0,27,0,0,1,0,1,0,0,0,1
581,582,1,39.0,1,1,110.8833,52,1,1,0,0,1,0,1,0,0
582,583,0,54.0,0,0,26.0,26,0,0,1,0,0,1,0,0,1
583,584,0,36.0,0,0,40.125,19,1,1,0,0,0,1,1,0,0
584,585,0,29.69911764705882,0,0,8.7125,19,0,0,0,1,0,1,1,0,0
585,586,1,18.0,0,2,79.65,19,1,1,0,0,1,0,0,0,1
586,587,0,47.0,0,0,15.0,23,0,0,1,0,0,1,0,0,1
587,588,1,60.0,1,1,79.2,32,1,1,0,0,0,1,1,0,0
588,589,0,22.0,0,0,8.05,21,0,0,0,1,0,1,0,0,1
589,590,0,29.69911764705882,0,0,8.05,19,0,0,0,1,0,1,0,0,1
590,591,0,35.0,0,0,7.125,20,0,0,0,1,0,1,0,0,1
591,592,1,52.0,1,0,78.2667,47,1,1,0,0,1,0,1,0,0
592,593,0,47.0,0,0,7.25,26,0,0,0,1,0,1,0,0,1
593,594,0,29.69911764705882,0,2,7.75,18,0,0,0,1,1,0,0,1,0
594,595,0,37.0,1,0,26.0,23,0,0,1,0,0,1,0,0,1
595,596,0,36.0,1,1,24.15,27,0,0,0,1,0,1,0,0,1
596,597,1,29.69911764705882,0,0,33.0,26,0,0,1,0,1,0,0,0,1
597,598,0,49.0,0,0,0.0,19,0,0,0,1,0,1,0,0,1
598,599,0,29.69911764705882,0,0,7.225,17,0,0,0,1,0,1,1,0,0
599,600,1,49.0,1,0,56.9292,44,1,1,0,0,0,1,1,0,0
600,601,1,24.0,2,1,27.0,51,0,0,1,0,1,0,0,0,1
601,602,0,29.69911764705882,0,0,7.8958,20,0,0,0,1,0,1,0,0,1
602,603,0,29.69911764705882,0,0,42.4,25,0,1,0,0,0,1,0,0,1
603,604,0,44.0,0,0,8.05,25,0,0,0,1,0,1,0,0,1
604,605,1,35.0,0,0,26.55,31,0,1,0,0,0,1,1,0,0
605,606,0,36.0,1,0,15.55,29,0,0,0,1,0,1,0,0,1
606,607,0,30.0,0,0,7.8958,17,0,0,0,1,0,1,0,0,1
607,608,1,27.0,0,0,30.5,27,0,1,0,0,0,1,0,0,1
608,609,1,22.0,1,2,41.5792,53,0,0,1,0,1,0,1,0,0
609,610,1,40.0,0,0,153.4625,25,1,1,0,0,1,0,0,0,1
610,611,0,39.0,1,5,31.275,57,0,0,0,1,1,0,0,0,1
611,612,0,29.69911764705882,0,0,7.05,21,0,0,0,1,0,1,0,0,1
612,613,1,29.69911764705882,1,0,15.5,27,0,0,0,1,1,0,0,1,0
613,614,0,29.69911764705882,0,0,7.75,16,0,0,0,1,0,1,0,1,0
614,615,0,35.0,0,0,8.05,31,0,0,0,1,0,1,0,0,1
615,616,1,24.0,1,2,65.0,19,0,0,1,0,1,0,0,0,1
616,617,0,34.0,1,1,14.4,25,0,0,0,1,0,1,0,0,1
617,618,0,26.0,1,0,16.1,47,0,0,0,1,1,0,0,0,1
618,619,1,4.0,2,1,39.0,27,1,0,1,0,1,0,0,0,1
619,620,0,26.0,0,0,10.5,19,0,0,1,0,0,1,0,0,1
620,621,0,27.0,1,0,14.4542,19,0,0,0,1,0,1,1,0,0
621,622,1,42.0,1,0,52.5542,28,1,1,0,0,0,1,0,0,1
622,623,1,20.0,1,1,15.7417,16,0,0,0,1,0,1,1,0,0
623,624,0,21.0,0,0,7.8542,27,0,0,0,1,0,1,0,0,1
624,625,0,21.0,0,0,16.1,27,0,0,0,1,0,1,0,0,1
625,626,0,61.0,0,0,32.3208,21,1,1,0,0,0,1,0,0,1
626,627,0,57.0,0,0,12.35,30,0,0,1,0,0,1,0,1,0
627,628,1,21.0,0,0,77.9583,29,1,1,0,0,1,0,0,0,1
628,629,0,26.0,0,0,7.8958,25,0,0,0,1,0,1,0,0,1
629,630,0,29.69911764705882,0,0,7.7333,24,0,0,0,1,0,1,0,1,0
630,631,1,80.0,0,0,30.0,36,1,1,0,0,0,1,0,0,1
631,632,0,51.0,0,0,7.0542,27,0,0,0,1,0,1,0,0,1
632,633,1,32.0,0,0,30.5,25,1,1,0,0,0,1,1,0,0
633,634,0,29.69911764705882,0,0,0.0,29,0,1,0,0,0,1,0,0,1
634,635,0,9.0,3,2,27.9,18,0,0,0,1,1,0,0,0,1
635,636,1,28.0,0,0,13.0,17,0,0,1,0,1,0,0,0,1
636,637,0,32.0,0,0,7.925,26,0,0,0,1,0,1,0,0,1
637,638,0,31.0,1,1,26.25,19,0,0,1,0,0,1,0,0,1
638,639,0,41.0,0,5,39.6875,38,0,0,0,1,1,0,0,0,1
639,640,0,29.69911764705882,1,0,16.1,26,0,0,0,1,0,1,0,0,1
640,641,0,20.0,0,0,7.8542,22,0,0,0,1,0,1,0,0,1
641,642,1,24.0,0,0,69.3,20,1,1,0,0,1,0,1,0,0
642,643,0,2.0,3,2,27.9,29,0,0,0,1,1,0,0,0,1
643,644,1,29.69911764705882,0,0,56.4958,15,0,0,0,1,0,1,0,0,1
644,645,1,0.75,2,1,19.2583,22,0,0,0,1,1,0,1,0,0
645,646,1,48.0,1,0,76.7292,25,1,1,0,0,0,1,1,0,0
646,647,0,19.0,0,0,7.8958,17,0,0,0,1,0,1,0,0,1
647,648,1,56.0,0,0,35.5,35,1,1,0,0,0,1,1,0,0
648,649,0,29.69911764705882,0,0,7.55,18,0,0,0,1,0,1,0,0,1
649,650,1,23.0,0,0,7.55,31,0,0,0,1,1,0,0,0,1
650,651,0,29.69911764705882,0,0,7.8958,17,0,0,0,1,0,1,0,0,1
651,652,1,18.0,0,1,23.0,19,0,0,1,0,1,0,0,0,1
652,653,0,21.0,0,0,8.4333,30,0,0,0,1,0,1,0,0,1
653,654,1,29.69911764705882,0,0,7.8292,29,0,0,0,1,1,0,0,1,0
654,655,0,18.0,0,0,6.75,28,0,0,0,1,1,0,0,1,0
655,656,0,24.0,2,0,73.5,25,0,0,1,0,0,1,0,0,1
656,657,0,29.69911764705882,0,0,7.8958,21,0,0,0,1,0,1,0,0,1
657,658,0,32.0,1,1,15.5,29,0,0,0,1,1,0,0,1,0
658,659,0,23.0,0,0,13.0,28,0,0,1,0,0,1,0,0,1
659,660,0,58.0,0,2,113.275,26,1,1,0,0,0,1,1,0,0
660,661,1,50.0,2,0,133.65,29,0,1,0,0,0,1,0,0,1
661,662,0,40.0,0,0,7.225,17,0,0,0,1,0,1,1,0,0
662,663,0,47.0,0,0,25.5875,26,1,1,0,0,0,1,0,0,1
663,664,0,36.0,0,0,7.4958,16,0,0,0,1,0,1,0,0,1
664,665,1,20.0,1,0,7.925,27,0,0,0,1,0,1,0,0,1
665,666,0,32.0,2,0,73.5,18,0,0,1,0,0,1,0,0,1
666,667,0,25.0,0,0,13.0,27,0,0,1,0,0,1,0,0,1
667,668,0,29.69911764705882,0,0,7.775,26,0,0,0,1,0,1,0,0,1
668,669,0,43.0,0,0,8.05,15,0,0,0,1,0,1,0,0,1
669,670,1,29.69911764705882,1,0,52.0,49,1,1,0,0,1,0,0,0,1
670,671,1,40.0,1,1,39.0,61,0,0,1,0,1,0,0,0,1
671,672,0,31.0,1,0,52.0,22,1,1,0,0,0,1,0,0,1
672,673,0,70.0,0,0,10.5,27,0,0,1,0,0,1,0,0,1
673,674,1,31.0,0,0,13.0,21,0,0,1,0,0,1,0,0,1
674,675,0,29.69911764705882,0,0,0.0,26,0,0,1,0,0,1,0,0,1
675,676,0,18.0,0,0,7.775,30,0,0,0,1,0,1,0,0,1
676,677,0,24.5,0,0,8.05,29,0,0,0,1,0,1,0,0,1
677,678,1,18.0,0,0,9.8417,23,0,0,0,1,1,0,0,0,1
678,679,0,43.0,1,6,46.9,39,0,0,0,1,1,0,0,0,1
679,680,1,36.0,0,1,512.3292,34,1,1,0,0,0,1,1,0,0
680,681,0,29.69911764705882,0,0,8.1375,19,0,0,0,1,1,0,0,1,0
681,682,1,27.0,0,0,76.7292,18,1,1,0,0,0,1,1,0,0
682,683,0,20.0,0,0,9.225,27,0,0,0,1,0,1,0,0,1
683,684,0,14.0,5,2,46.9,27,0,0,0,1,0,1,0,0,1
684,685,0,60.0,1,1,39.0,33,0,0,1,0,0,1,0,0,1
685,686,0,25.0,1,2,41.5792,38,0,0,1,0,0,1,1,0,0
686,687,0,14.0,4,1,39.6875,24,0,0,0,1,0,1,0,0,1
687,688,0,19.0,0,0,10.1708,17,0,0,0,1,0,1,0,0,1
688,689,0,18.0,0,0,7.7958,31,0,0,0,1,0,1,0,0,1
689,690,1,15.0,0,1,211.3375,33,1,1,0,0,1,0,0,0,1
690,691,1,31.0,1,0,57.0,23,1,1,0,0,0,1,0,0,1
691,692,1,4.0,0,1,13.4167,18,0,0,0,1,1,0,1,0,0
692,693,1,29.69911764705882,0,0,56.4958,12,0,0,0,1,0,1,0,0,1
693,694,0,25.0,0,0,7.225,16,0,0,0,1,0,1,1,0,0
694,695,0,60.0,0,0,26.55,15,0,1,0,0,0,1,0,0,1
695,696,0,52.0,0,0,13.5,26,0,0,1,0,0,1,0,0,1
696,697,0,44.0,0,0,8.05,16,0,0,0,1,0,1,0,0,1
697,698,1,29.69911764705882,0,0,7.7333,32,0,0,0,1,1,0,0,1,0
698,699,0,49.0,1,1,110.8833,24,1,1,0,0,0,1,1,0,0
699,700,0,42.0,0,0,7.65,40,1,0,0,1,0,1,0,0,1
700,701,1,18.0,1,0,227.525,49,1,1,0,0,1,0,1,0,0
701,702,1,35.0,0,0,26.2875,32,1,1,0,0,0,1,0,0,1
702,703,0,18.0,0,1,14.4542,21,0,0,0,1,1,0,1,0,0
703,704,0,25.0,0,0,7.7417,21,0,0,0,1,0,1,0,1,0
704,705,0,26.0,1,0,7.8542,23,0,0,0,1,0,1,0,0,1
705,706,0,39.0,0,0,26.0,46,0,0,1,0,0,1,0,0,1
706,707,1,45.0,0,0,13.5,29,0,0,1,0,1,0,0,0,1
707,708,1,42.0,0,0,26.2875,33,1,1,0,0,0,1,0,0,1
708,709,1,22.0,0,0,151.55,20,0,1,0,0,1,0,0,0,1
709,710,1,29.69911764705882,1,1,15.2458,49,0,0,0,1,0,1,1,0,0
710,711,1,24.0,0,0,49.5042,48,1,1,0,0,1,0,1,0,0
711,712,0,29.69911764705882,0,0,26.55,18,1,1,0,0,0,1,0,0,1
712,713,1,48.0,1,0,52.0,24,1,1,0,0,0,1,0,0,1
713,714,0,29.0,0,0,9.4833,26,0,0,0,1,0,1,0,0,1
714,715,0,52.0,0,0,13.0,21,0,0,1,0,0,1,0,0,1
715,716,0,19.0,0,0,7.65,42,1,0,0,1,0,1,0,0,1
716,717,1,38.0,0,0,227.525,29,1,1,0,0,1,0,1,0,0
717,718,1,27.0,0,0,10.5,35,1,0,1,0,1,0,0,0,1
718,719,0,29.69911764705882,0,0,15.5,19,0,0,0,1,0,1,0,1,0
719,720,0,33.0,0,0,7.775,28,0,0,0,1,0,1,0,0,1
720,721,1,6.0,0,1,33.0,33,0,0,1,0,1,0,0,0,1
721,722,0,17.0,1,0,7.0542,25,0,0,0,1,0,1,0,0,1
722,723,0,34.0,0,0,13.0,28,0,0,1,0,0,1,0,0,1
723,724,0,50.0,0,0,13.0,23,0,0,1,0,0,1,0,0,1
724,725,1,27.0,1,0,53.1,29,1,1,0,0,0,1,0,0,1
725,726,0,20.0,0,0,8.6625,19,0,0,0,1,0,1,0,0,1
726,727,1,30.0,3,0,21.0,43,0,0,1,0,1,0,0,0,1
727,728,1,29.69911764705882,0,0,7.7375,24,0,0,0,1,1,0,0,1,0
728,729,0,25.0,1,0,26.0,31,0,0,1,0,0,1,0,0,1
729,730,0,25.0,1,0,7.925,29,0,0,0,1,1,0,0,0,1
730,731,1,29.0,0,0,211.3375,29,1,1,0,0,1,0,0,0,1
731,732,0,11.0,0,0,18.7875,24,0,0,0,1,0,1,1,0,0
732,733,0,29.69911764705882,0,0,0.0,20,0,0,1,0,0,1,0,0,1
733,734,0,23.0,0,0,13.0,26,0,0,1,0,0,1,0,0,1
734,735,0,23.0,0,0,13.0,28,0,0,1,0,0,1,0,0,1
735,736,0,28.5,0,0,16.1,20,0,0,0,1,0,1,0,0,1
736,737,0,48.0,1,3,34.375,39,0,0,0,1,1,0,0,0,1
737,738,1,35.0,0,0,512.3292,22,1,1,0,0,0,1,1,0,0
738,739,0,29.69911764705882,0,0,7.8958,18,0,0,0,1,0,1,0,0,1
739,740,0,29.69911764705882,0,0,7.8958,18,0,0,0,1,0,1,0,0,1
740,741,1,29.69911764705882,0,0,30.0,27,1,1,0,0,0,1,0,0,1
741,742,0,36.0,1,0,78.85,29,1,1,0,0,0,1,0,0,1
742,743,1,21.0,2,2,262.375,37,1,1,0,0,1,0,1,0,0
743,744,0,24.0,1,0,16.1,17,0,0,0,1,0,1,0,0,1
744,745,1,31.0,0,0,7.925,18,0,0,0,1,0,1,0,0,1
745,746,0,70.0,1,1,71.0,28,1,1,0,0,0,1,0,0,1
746,747,0,16.0,1,1,20.25,27,0,0,0,1,0,1,0,0,1
747,748,1,30.0,0,0,13.0,21,0,0,1,0,1,0,0,0,1
748,749,0,19.0,1,0,53.1,25,1,1,0,0,0,1,0,0,1
749,750,0,31.0,0,0,7.75,23,0,0,0,1,0,1,0,1,0
750,751,1,4.0,1,1,23.0,17,0,0,1,0,1,0,0,0,1
751,752,1,6.0,0,1,12.475,19,1,0,0,1,0,1,0,0,1
752,753,0,33.0,0,0,9.5,32,0,0,0,1,0,1,0,0,1
753,754,0,23.0,0,0,7.8958,18,0,0,0,1,0,1,0,0,1
754,755,1,48.0,1,2,65.0,32,0,0,1,0,1,0,0,0,1
755,756,1,0.67,1,1,14.5,25,0,0,1,0,0,1,0,0,1
756,757,0,28.0,0,0,7.7958,28,0,0,0,1,0,1,0,0,1
757,758,0,18.0,0,0,11.5,24,0,0,1,0,0,1,0,0,1
758,759,0,34.0,0,0,8.05,28,0,0,0,1,0,1,0,0,1
759,760,1,33.0,0,0,86.5,56,1,1,0,0,1,0,0,0,1
760,761,0,29.69911764705882,0,0,14.5,18,0,0,0,1,0,1,0,0,1
761,762,0,41.0,0,0,7.125,30,0,0,0,1,0,1,0,0,1
762,763,1,20.0,0,0,7.2292,21,0,0,0,1,0,1,1,0,0
763,764,1,36.0,1,2,120.0,41,1,1,0,0,1,0,0,0,1
764,765,0,16.0,0,0,7.775,22,0,0,0,1,0,1,0,0,1
765,766,1,51.0,1,0,77.9583,36,1,1,0,0,1,0,0,0,1
766,767,0,29.69911764705882,0,0,39.6,25,0,1,0,0,0,1,1,0,0
767,768,0,30.5,0,0,7.75,18,0,0,0,1,1,0,0,1,0
768,769,0,29.69911764705882,1,0,24.15,19,0,0,0,1,0,1,0,1,0
769,770,0,32.0,0,0,8.3625,32,0,0,0,1,0,1,0,0,1
770,771,0,24.0,0,0,9.5,22,0,0,0,1,0,1,0,0,1
771,772,0,48.0,0,0,7.8542,23,0,0,0,1,0,1,0,0,1
772,773,0,57.0,0,0,10.5,17,1,0,1,0,1,0,0,0,1
773,774,0,29.69911764705882,0,0,7.225,15,0,0,0,1,0,1,1,0,0
774,775,1,54.0,1,3,23.0,37,0,0,1,0,1,0,0,0,1
775,776,0,18.0,0,0,7.75,39,0,0,0,1,0,1,0,0,1
776,777,0,29.69911764705882,0,0,7.75,16,1,0,0,1,0,1,0,1,0
777,778,1,5.0,0,0,12.475,29,0,0,0,1,1,0,0,0,1
778,779,0,29.69911764705882,0,0,7.7375,23,0,0,0,1,0,1,0,1,0
779,780,1,43.0,0,1,211.3375,53,1,1,0,0,1,0,0,0,1
780,781,1,13.0,0,0,7.2292,20,0,0,0,1,1,0,1,0,0
781,782,1,17.0,1,0,57.0,41,1,1,0,0,1,0,0,0,1
782,783,0,29.0,0,0,30.0,22,1,1,0,0,0,1,0,0,1
783,784,0,29.69911764705882,1,2,23.45,22,0,0,0,1,0,1,0,0,1
784,785,0,25.0,0,0,7.05,16,0,0,0,1,0,1,0,0,1
785,786,0,25.0,0,0,7.25,34,0,0,0,1,0,1,0,0,1
786,787,1,18.0,0,0,7.4958,25,0,0,0,1,1,0,0,0,1
787,788,0,8.0,4,1,29.125,25,0,0,0,1,0,1,0,1,0
788,789,1,1.0,1,2,20.575,26,0,0,0,1,0,1,0,0,1
789,790,0,46.0,0,0,79.2,24,1,1,0,0,0,1,1,0,0
790,791,0,29.69911764705882,0,0,7.75,24,0,0,0,1,0,1,0,1,0
791,792,0,16.0,0,0,26.0,19,0,0,1,0,0,1,0,0,1
792,793,0,29.69911764705882,8,2,69.55,23,0,0,0,1,1,0,0,0,1
793,794,0,29.69911764705882,0,0,30.6958,24,0,1,0,0,0,1,1,0,0
794,795,0,25.0,0,0,7.8958,21,0,0,0,1,0,1,0,0,1
795,796,0,39.0,0,0,13.0,18,0,0,1,0,0,1,0,0,1
796,797,1,49.0,0,0,25.9292,27,1,1,0,0,1,0,0,0,1
797,798,1,31.0,0,0,8.6833,16,0,0,0,1,1,0,0,0,1
798,799,0,30.0,0,0,7.2292,28,0,0,0,1,0,1,1,0,0
799,800,0,30.0,1,1,24.15,52,0,0,0,1,1,0,0,0,1
800,801,0,34.0,0,0,13.0,20,0,0,1,0,0,1,0,0,1
801,802,1,31.0,1,1,26.25,43,0,0,1,0,1,0,0,0,1
802,803,1,11.0,1,2,120.0,35,1,1,0,0,0,1,0,0,1
803,804,1,0.42,0,1,8.5167,31,0,0,0,1,0,1,1,0,0
804,805,1,27.0,0,0,6.975,23,0,0,0,1,0,1,0,0,1
805,806,0,31.0,0,0,7.775,25,0,0,0,1,0,1,0,0,1
806,807,0,39.0,0,0,0.0,22,1,1,0,0,0,1,0,0,1
807,808,0,18.0,0,0,7.775,31,0,0,0,1,1,0,0,0,1
808,809,0,39.0,0,0,13.0,17,0,0,1,0,0,1,0,0,1
809,810,1,33.0,1,0,53.1,46,1,1,0,0,1,0,0,0,1
810,811,0,26.0,0,0,7.8875,22,0,0,0,1,0,1,0,0,1
811,812,0,39.0,0,0,24.15,17,0,0,0,1,0,1,0,0,1
812,813,0,35.0,0,0,10.5,25,0,0,1,0,0,1,0,0,1
813,814,0,6.0,4,2,31.275,34,0,0,0,1,1,0,0,0,1
814,815,0,30.5,0,0,8.05,26,0,0,0,1,0,1,0,0,1
815,816,0,29.69911764705882,0,0,0.0,16,1,1,0,0,0,1,0,0,1
816,817,0,23.0,0,0,7.925,28,0,0,0,1,1,0,0,0,1
817,818,0,31.0,1,1,37.0042,18,0,0,1,0,0,1,1,0,0
818,819,0,43.0,0,0,6.45,32,0,0,0,1,0,1,0,0,1
819,820,0,10.0,3,2,27.9,28,0,0,0,1,0,1,0,0,1
820,821,1,52.0,1,1,93.5,50,1,1,0,0,1,0,0,0,1
821,822,1,27.0,0,0,8.6625,17,0,0,0,1,0,1,0,0,1
822,823,0,38.0,0,0,0.0,31,0,1,0,0,0,1,0,0,1
823,824,1,27.0,0,1,12.475,18,1,0,0,1,1,0,0,0,1
824,825,0,2.0,4,1,39.6875,28,0,0,0,1,0,1,0,0,1
825,826,0,29.69911764705882,0,0,6.95,15,0,0,0,1,0,1,0,1,0
826,827,0,29.69911764705882,0,0,56.4958,12,0,0,0,1,0,1,0,0,1
827,828,1,1.0,0,2,37.0042,21,0,0,1,0,0,1,1,0,0
828,829,1,29.69911764705882,0,0,7.75,28,0,0,0,1,0,1,0,1,0
829,830,1,62.0,0,0,80.0,41,1,1,0,0,1,0,0,0,0
830,831,1,15.0,1,0,14.4542,39,0,0,0,1,1,0,1,0,0
831,832,1,0.83,1,1,18.75,31,0,0,1,0,0,1,0,0,1
832,833,0,29.69911764705882,0,0,7.2292,14,0,0,0,1,0,1,1,0,0
833,834,0,23.0,0,0,7.8542,22,0,0,0,1,0,1,0,0,1
834,835,0,18.0,0,0,8.3,22,0,0,0,1,0,1,0,0,1
835,836,1,39.0,1,1,83.1583,27,1,1,0,0,1,0,1,0,0
836,837,0,21.0,0,0,8.6625,16,0,0,0,1,0,1,0,0,1
837,838,0,29.69911764705882,0,0,8.05,19,0,0,0,1,0,1,0,0,1
838,839,1,32.0,0,0,56.4958,15,0,0,0,1,0,1,0,0,1
839,840,1,29.69911764705882,0,0,29.7,20,1,1,0,0,0,1,1,0,0
840,841,0,20.0,0,0,7.925,27,0,0,0,1,0,1,0,0,1
841,842,0,16.0,0,0,10.5,24,0,0,1,0,0,1,0,0,1
842,843,1,30.0,0,0,31.0,23,0,1,0,0,1,0,1,0,0
843,844,0,34.5,0,0,6.4375,26,0,0,0,1,0,1,1,0,0
844,845,0,17.0,0,0,8.6625,19,0,0,0,1,0,1,0,0,1
845,846,0,42.0,0,0,7.55,19,0,0,0,1,0,1,0,0,1
846,847,0,29.69911764705882,8,2,69.55,24,0,0,0,1,0,1,0,0,1
847,848,0,35.0,0,0,7.8958,18,0,0,0,1,0,1,1,0,0
848,849,0,28.0,0,1,33.0,17,0,0,1,0,0,1,0,0,1
849,850,1,29.69911764705882,1,0,89.1042,44,1,1,0,0,1,0,1,0,0
850,851,0,4.0,4,2,31.275,39,0,0,0,1,0,1,0,0,1
851,852,0,74.0,0,0,7.775,19,0,0,0,1,0,1,0,0,1
852,853,0,9.0,1,1,15.2458,23,0,0,0,1,1,0,1,0,0
853,854,1,16.0,0,1,39.4,25,1,1,0,0,1,0,0,0,1
854,855,0,44.0,1,0,26.0,45,0,0,1,0,1,0,0,0,1
855,856,1,18.0,0,1,9.35,26,0,0,0,1,1,0,0,0,1
856,857,1,45.0,1,1,164.8667,42,0,1,0,0,1,0,0,0,1
857,858,1,51.0,0,0,26.55,22,1,1,0,0,0,1,0,0,1
858,859,1,24.0,0,3,19.2583,37,0,0,0,1,1,0,1,0,0
859,860,0,29.69911764705882,0,0,7.2292,16,0,0,0,1,0,1,1,0,0
860,861,0,41.0,2,0,14.1083,23,0,0,0,1,0,1,0,0,1
861,862,0,21.0,1,0,11.5,27,0,0,1,0,0,1,0,0,1
862,863,1,48.0,0,0,25.9292,51,1,1,0,0,1,0,0,0,1
863,864,0,29.69911764705882,8,2,69.55,33,0,0,0,1,1,0,0,0,1
864,865,0,24.0,0,0,13.0,22,0,0,1,0,0,1,0,0,1
865,866,1,42.0,0,0,13.0,24,0,0,1,0,1,0,0,0,1
866,867,1,27.0,1,0,13.8583,28,0,0,1,0,1,0,1,0,0
867,868,0,31.0,0,0,50.4958,36,1,1,0,0,0,1,0,0,1
868,869,0,29.69911764705882,0,0,9.5,27,0,0,0,1,0,1,0,0,1
869,870,1,4.0,1,1,11.1333,31,0,0,0,1,0,1,0,0,1
870,871,0,26.0,0,0,7.8958,17,0,0,0,1,0,1,0,0,1
871,872,1,47.0,1,1,52.5542,48,1,1,0,0,1,0,0,0,1
872,873,0,33.0,0,0,5.0,24,1,1,0,0,0,1,0,0,1
873,874,0,47.0,0,0,9.0,27,0,0,0,1,0,1,0,0,1
874,875,1,28.0,1,0,24.0,37,0,0,1,0,1,0,1,0,0
875,876,1,15.0,0,0,7.225,32,0,0,0,1,1,0,1,0,0
876,877,0,20.0,0,0,9.8458,29,0,0,0,1,0,1,0,0,1
877,878,0,19.0,0,0,7.8958,20,0,0,0,1,0,1,0,0,1
878,879,0,29.69911764705882,0,0,7.8958,18,0,0,0,1,0,1,0,0,1
879,880,1,56.0,0,1,83.1583,45,1,1,0,0,1,0,1,0,0
880,881,1,25.0,0,1,26.0,44,0,0,1,0,1,0,0,0,1
881,882,0,33.0,0,0,7.8958,18,0,0,0,1,0,1,0,0,1
882,883,0,22.0,0,0,10.5167,28,0,0,0,1,1,0,0,0,1
883,884,0,28.0,0,0,10.5,29,0,0,1,0,0,1,0,0,1
884,885,0,25.0,0,0,7.05,22,0,0,0,1,0,1,0,0,1
885,886,0,39.0,0,5,29.125,36,0,0,0,1,1,0,0,1,0
886,887,0,27.0,0,0,13.0,21,0,0,1,0,0,1,0,0,1
887,888,1,19.0,0,0,30.0,28,1,1,0,0,1,0,0,0,1
888,889,0,29.69911764705882,1,2,23.45,40,0,0,0,1,1,0,0,0,1
889,890,1,26.0,0,0,30.0,21,1,1,0,0,0,1,1,0,0
890,891,0,32.0,0,0,7.75,19,0,0,0,1,0,1,0,1,0
